<?xml version="1.0" encoding="UTF-8"?>
<objects serializationModel="Studio.02.02.00">
	<object class="MixerMaster" id="{77de22e7-26fd-47e8-9a1a-9f5dcf1a3fbb}">
		<property name="name">
			<value>Master Bus</value>
		</property>
		<relationship name="effectChain">
			<destination>{c10a3245-989e-447f-9545-84e7c28a7bba}</destination>
		</relationship>
		<relationship name="panner">
			<destination>{2d0f46f7-eab9-433e-b0d8-8d412d198d4e}</destination>
		</relationship>
		<relationship name="mixer">
			<destination>{b66fcbdd-976b-46be-b4a1-6c60b4cf4166}</destination>
		</relationship>
	</object>
	<object class="MixerBusEffectChain" id="{c10a3245-989e-447f-9545-84e7c28a7bba}">
		<relationship name="effects">
			<destination>{22bf5df1-df16-4c92-9d40-a1dd1971e374}</destination>
		</relationship>
	</object>
	<object class="MixerBusPanner" id="{2d0f46f7-eab9-433e-b0d8-8d412d198d4e}">
		<property name="overridingOutputFormat">
			<value>2</value>
		</property>
	</object>
	<object class="MixerBusFader" id="{22bf5df1-df16-4c92-9d40-a1dd1971e374}" />
</objects>
