<?xml version="1.0" encoding="UTF-8"?>
<objects serializationModel="Studio.02.02.00">
	<object class="Workspace" id="{206be4fc-2fe2-437a-8474-c5d9e6e582fd}">
		<relationship name="masterEventFolder">
			<destination>{711db4d1-3e49-4ca9-910e-ef39390a71cc}</destination>
		</relationship>
		<relationship name="masterTagFolder">
			<destination>{b47e8cc4-ed9b-48da-8007-9199dc61c81b}</destination>
		</relationship>
		<relationship name="masterEffectPresetFolder">
			<destination>{4030b294-2888-43c0-820d-0fcb383a7ca8}</destination>
		</relationship>
		<relationship name="masterParameterPresetFolder">
			<destination>{94bfad02-3364-4f00-b0f0-0aa69ed7771e}</destination>
		</relationship>
		<relationship name="masterBankFolder">
			<destination>{c09309b4-48cb-46be-93fb-57772e21d0ea}</destination>
		</relationship>
		<relationship name="masterSandboxFolder">
			<destination>{86ce7288-bb89-4a0c-80c3-61a3cfdc1c39}</destination>
		</relationship>
		<relationship name="masterAssetFolder">
			<destination>{096b328b-ac6b-4200-a09c-5fc686c796a1}</destination>
		</relationship>
		<relationship name="mixer">
			<destination>{b66fcbdd-976b-46be-b4a1-6c60b4cf4166}</destination>
		</relationship>
		<relationship name="profilerSessionFolder">
			<destination>{bc8a7816-430b-4843-b5c9-ac1a47deeb19}</destination>
		</relationship>
		<relationship name="platforms">
			<destination>{7398ba2b-7695-439b-b8d3-caa69eaebc4a}</destination>
		</relationship>
	</object>
</objects>
