<?xml version="1.0" encoding="UTF-8"?>
<objects serializationModel="Studio.02.02.00">
	<object class="EncodingSetting" id="{9f57e942-d447-4094-b07d-56da658051a6}">
		<property name="encodingFormat">
			<value>3</value>
		</property>
		<property name="quality">
			<value>37</value>
		</property>
		<relationship name="platform">
			<destination>{7398ba2b-7695-439b-b8d3-caa69eaebc4a}</destination>
		</relationship>
		<relationship name="encodable">
			<destination>{7398ba2b-7695-439b-b8d3-caa69eaebc4a}</destination>
		</relationship>
	</object>
</objects>
