<?xml version="1.0" encoding="UTF-8"?>
<objects serializationModel="Studio.02.02.00">
	<object class="Event" id="{0f24026e-1bea-47fe-879b-99920cbc14d4}">
		<property name="name">
			<value>pistol_6</value>
		</property>
		<property name="outputFormat">
			<value>2</value>
		</property>
		<relationship name="folder">
			<destination>{711db4d1-3e49-4ca9-910e-ef39390a71cc}</destination>
		</relationship>
		<relationship name="mixer">
			<destination>{440ff538-7cfc-4ebe-911b-76be9f59bb9b}</destination>
		</relationship>
		<relationship name="masterTrack">
			<destination>{d5b88d68-18bb-46ab-bee4-9fce665abcf2}</destination>
		</relationship>
		<relationship name="mixerInput">
			<destination>{a7045c07-4ae5-4eee-b5e3-1eff40998831}</destination>
		</relationship>
		<relationship name="automatableProperties">
			<destination>{db8c76ab-6669-4b93-a5ed-332eb61f73d2}</destination>
		</relationship>
		<relationship name="markerTracks">
			<destination>{ebf67834-b756-432f-afe4-22cd4027f151}</destination>
		</relationship>
		<relationship name="groupTracks">
			<destination>{97429266-7d51-44fa-8c08-c124fb3c58d0}</destination>
		</relationship>
		<relationship name="timeline">
			<destination>{5746b08c-df5c-4dfb-97e9-f3a0c007142d}</destination>
		</relationship>
		<relationship name="banks">
			<destination>{f5598116-4eb2-4530-b2fe-43c9cfff446d}</destination>
		</relationship>
	</object>
	<object class="EventMixer" id="{440ff538-7cfc-4ebe-911b-76be9f59bb9b}">
		<relationship name="masterBus">
			<destination>{fb7f46fc-b09f-43e3-b9f8-8e6f324e0b4d}</destination>
		</relationship>
	</object>
	<object class="MasterTrack" id="{d5b88d68-18bb-46ab-bee4-9fce665abcf2}">
		<relationship name="modules">
			<destination>{41248ec4-975d-4bea-b837-7e284471cea9}</destination>
		</relationship>
		<relationship name="mixerGroup">
			<destination>{fb7f46fc-b09f-43e3-b9f8-8e6f324e0b4d}</destination>
		</relationship>
	</object>
	<object class="MixerInput" id="{a7045c07-4ae5-4eee-b5e3-1eff40998831}">
		<relationship name="effectChain">
			<destination>{a6da7ca0-3298-4e1d-8828-b8a7295e964b}</destination>
		</relationship>
		<relationship name="panner">
			<destination>{a1117679-2648-4541-a2d6-3dcd2e6d13f7}</destination>
		</relationship>
		<relationship name="output">
			<destination>{77de22e7-26fd-47e8-9a1a-9f5dcf1a3fbb}</destination>
		</relationship>
	</object>
	<object class="EventAutomatableProperties" id="{db8c76ab-6669-4b93-a5ed-332eb61f73d2}" />
	<object class="MarkerTrack" id="{ebf67834-b756-432f-afe4-22cd4027f151}" />
	<object class="GroupTrack" id="{97429266-7d51-44fa-8c08-c124fb3c58d0}">
		<relationship name="modules">
			<destination>{4da816c1-1b5e-4575-919c-f3da798436fc}</destination>
		</relationship>
		<relationship name="mixerGroup">
			<destination>{366cafd7-6b57-4886-a11d-caba912f358e}</destination>
		</relationship>
	</object>
	<object class="Timeline" id="{5746b08c-df5c-4dfb-97e9-f3a0c007142d}">
		<relationship name="modules">
			<destination>{4da816c1-1b5e-4575-919c-f3da798436fc}</destination>
			<destination>{41248ec4-975d-4bea-b837-7e284471cea9}</destination>
		</relationship>
	</object>
	<object class="EventMixerMaster" id="{fb7f46fc-b09f-43e3-b9f8-8e6f324e0b4d}">
		<relationship name="effectChain">
			<destination>{4deb918d-2ccf-4dfb-9396-1f46d74450f0}</destination>
		</relationship>
		<relationship name="panner">
			<destination>{2ebc9de5-9453-45eb-b656-98e9e7bd90a8}</destination>
		</relationship>
		<relationship name="mixer">
			<destination>{440ff538-7cfc-4ebe-911b-76be9f59bb9b}</destination>
		</relationship>
	</object>
	<object class="SingleSound" id="{41248ec4-975d-4bea-b837-7e284471cea9}">
		<property name="length">
			<value>0.97999999999999998</value>
		</property>
		<relationship name="fadeOutCurve">
			<destination>{f466fece-e096-4463-909a-e1639a1efb53}</destination>
		</relationship>
		<relationship name="audioFile">
			<destination>{63ac6be7-f8e1-4abe-ad55-e6dec2ba43ee}</destination>
		</relationship>
	</object>
	<object class="MixerBusEffectChain" id="{a6da7ca0-3298-4e1d-8828-b8a7295e964b}">
		<relationship name="effects">
			<destination>{12974f60-d7ad-4bd4-932e-bf5f035ea3b1}</destination>
		</relationship>
	</object>
	<object class="MixerBusPanner" id="{a1117679-2648-4541-a2d6-3dcd2e6d13f7}" />
	<object class="SingleSound" id="{4da816c1-1b5e-4575-919c-f3da798436fc}">
		<property name="length">
			<value>0.97999999999999998</value>
		</property>
		<relationship name="fadeOutCurve">
			<destination>{4d85e05d-b768-4aca-940e-ce1a67cdfe11}</destination>
		</relationship>
		<relationship name="audioFile">
			<destination>{1ea0d9ad-a605-4c8f-9175-be349f3c0b9f}</destination>
		</relationship>
	</object>
	<object class="EventMixerGroup" id="{366cafd7-6b57-4886-a11d-caba912f358e}">
		<property name="name">
			<value>Audio 1</value>
		</property>
		<relationship name="effectChain">
			<destination>{444347a8-00e9-4720-882b-5f1568f47c12}</destination>
		</relationship>
		<relationship name="panner">
			<destination>{aff2903b-5aa3-4403-8010-c605b838cbfc}</destination>
		</relationship>
		<relationship name="output">
			<destination>{fb7f46fc-b09f-43e3-b9f8-8e6f324e0b4d}</destination>
		</relationship>
	</object>
	<object class="MixerBusEffectChain" id="{4deb918d-2ccf-4dfb-9396-1f46d74450f0}">
		<relationship name="effects">
			<destination>{fdc13e87-1f11-46b2-a76c-c5b37d6d5ef4}</destination>
			<destination>{022fdbf7-8dc9-4df7-99b6-fab87c44b2b6}</destination>
			<destination>{fcd1ba01-d006-411d-9d55-9596e0e683ee}</destination>
		</relationship>
	</object>
	<object class="MixerBusPanner" id="{2ebc9de5-9453-45eb-b656-98e9e7bd90a8}" />
	<object class="FadeCurve" id="{f466fece-e096-4463-909a-e1639a1efb53}">
		<relationship name="startPoint">
			<destination>{d0e97c08-b22e-4b8a-8922-de229b087eea}</destination>
		</relationship>
		<relationship name="endPoint">
			<destination>{3dd06efd-54a8-4cd0-abe7-6aca60ec6c53}</destination>
		</relationship>
	</object>
	<object class="MixerBusFader" id="{12974f60-d7ad-4bd4-932e-bf5f035ea3b1}" />
	<object class="FadeCurve" id="{4d85e05d-b768-4aca-940e-ce1a67cdfe11}">
		<relationship name="startPoint">
			<destination>{6d798886-bacc-4d4e-a95a-598275207356}</destination>
		</relationship>
		<relationship name="endPoint">
			<destination>{f4a50749-1051-4d78-977e-d18501fd44cf}</destination>
		</relationship>
	</object>
	<object class="MixerBusEffectChain" id="{444347a8-00e9-4720-882b-5f1568f47c12}">
		<relationship name="effects">
			<destination>{cf60e5d0-a7d6-4a62-a650-d1fb04a00524}</destination>
		</relationship>
	</object>
	<object class="MixerBusPanner" id="{aff2903b-5aa3-4403-8010-c605b838cbfc}" />
	<object class="MixerBusFader" id="{fdc13e87-1f11-46b2-a76c-c5b37d6d5ef4}" />
	<object class="SpatialiserEffect" id="{022fdbf7-8dc9-4df7-99b6-fab87c44b2b6}">
		<property name="distanceRolloffType">
			<value>2</value>
		</property>
	</object>
	<object class="FlangerEffect" id="{fcd1ba01-d006-411d-9d55-9596e0e683ee}">
		<property name="rate">
			<value>2.70000005</value>
		</property>
		<property name="delay">
			<value>0.359999985</value>
		</property>
		<property name="mix">
			<value>35</value>
		</property>
	</object>
	<object class="AutomationPoint" id="{d0e97c08-b22e-4b8a-8922-de229b087eea}">
		<property name="position">
			<value>0</value>
		</property>
		<property name="value">
			<value>1</value>
		</property>
		<property name="curveShape">
			<value>-0.309331894</value>
		</property>
	</object>
	<object class="AutomationPoint" id="{3dd06efd-54a8-4cd0-abe7-6aca60ec6c53}">
		<property name="position">
			<value>0.97999999999999998</value>
		</property>
		<property name="value">
			<value>0</value>
		</property>
	</object>
	<object class="AutomationPoint" id="{6d798886-bacc-4d4e-a95a-598275207356}">
		<property name="position">
			<value>0.5</value>
		</property>
		<property name="value">
			<value>1</value>
		</property>
		<property name="curveShape">
			<value>0.25471893</value>
		</property>
	</object>
	<object class="AutomationPoint" id="{f4a50749-1051-4d78-977e-d18501fd44cf}">
		<property name="position">
			<value>0.97999999999999998</value>
		</property>
		<property name="value">
			<value>0</value>
		</property>
	</object>
	<object class="MixerBusFader" id="{cf60e5d0-a7d6-4a62-a650-d1fb04a00524}" />
</objects>
