<?xml version="1.0" encoding="UTF-8"?>
<objects serializationModel="Studio.02.02.00">
	<object class="Event" id="{59b72958-d124-4e51-9ac8-9229a9fb8462}">
		<property name="name">
			<value>pistol_7</value>
		</property>
		<property name="outputFormat">
			<value>2</value>
		</property>
		<relationship name="folder">
			<destination>{711db4d1-3e49-4ca9-910e-ef39390a71cc}</destination>
		</relationship>
		<relationship name="mixer">
			<destination>{bcceb74e-1f4a-433e-88ae-b46e6de1ef11}</destination>
		</relationship>
		<relationship name="masterTrack">
			<destination>{d55f4a71-3ddd-404a-843a-2b2ee09a2103}</destination>
		</relationship>
		<relationship name="mixerInput">
			<destination>{a340b602-ad99-44e5-bbb2-44cb2fa9d14e}</destination>
		</relationship>
		<relationship name="automatableProperties">
			<destination>{1e1f58fa-9347-4d5c-bbde-e82af4d06ef0}</destination>
		</relationship>
		<relationship name="markerTracks">
			<destination>{f59233da-faf4-450c-97df-06f1224655ff}</destination>
		</relationship>
		<relationship name="groupTracks">
			<destination>{fa3b0d21-7449-4837-8cb5-2355aaee5b78}</destination>
		</relationship>
		<relationship name="timeline">
			<destination>{b8c34501-20ed-4db1-8caf-b903d8ee9d77}</destination>
		</relationship>
		<relationship name="banks">
			<destination>{f5598116-4eb2-4530-b2fe-43c9cfff446d}</destination>
		</relationship>
	</object>
	<object class="EventMixer" id="{bcceb74e-1f4a-433e-88ae-b46e6de1ef11}">
		<relationship name="masterBus">
			<destination>{35b90006-315a-42f1-8614-13e112717386}</destination>
		</relationship>
	</object>
	<object class="MasterTrack" id="{d55f4a71-3ddd-404a-843a-2b2ee09a2103}">
		<relationship name="modules">
			<destination>{dfdd1a29-c4ba-44bf-936b-6a4023e26ae2}</destination>
		</relationship>
		<relationship name="mixerGroup">
			<destination>{35b90006-315a-42f1-8614-13e112717386}</destination>
		</relationship>
	</object>
	<object class="MixerInput" id="{a340b602-ad99-44e5-bbb2-44cb2fa9d14e}">
		<relationship name="effectChain">
			<destination>{0ff4d6a5-b3c0-47db-b3e3-a4ba651fdd7d}</destination>
		</relationship>
		<relationship name="panner">
			<destination>{2d30b501-30f1-4825-a353-5de0c3c35d7c}</destination>
		</relationship>
		<relationship name="output">
			<destination>{77de22e7-26fd-47e8-9a1a-9f5dcf1a3fbb}</destination>
		</relationship>
	</object>
	<object class="EventAutomatableProperties" id="{1e1f58fa-9347-4d5c-bbde-e82af4d06ef0}" />
	<object class="MarkerTrack" id="{f59233da-faf4-450c-97df-06f1224655ff}" />
	<object class="GroupTrack" id="{fa3b0d21-7449-4837-8cb5-2355aaee5b78}">
		<relationship name="modules">
			<destination>{1cd75bf1-803b-4bfb-8fb6-c545cf2bd8e5}</destination>
		</relationship>
		<relationship name="mixerGroup">
			<destination>{017ad4e3-094d-4e38-b4ea-ae0dc082eca3}</destination>
		</relationship>
	</object>
	<object class="Timeline" id="{b8c34501-20ed-4db1-8caf-b903d8ee9d77}">
		<relationship name="modules">
			<destination>{1cd75bf1-803b-4bfb-8fb6-c545cf2bd8e5}</destination>
			<destination>{dfdd1a29-c4ba-44bf-936b-6a4023e26ae2}</destination>
		</relationship>
	</object>
	<object class="EventMixerMaster" id="{35b90006-315a-42f1-8614-13e112717386}">
		<relationship name="effectChain">
			<destination>{e015df5d-1dfa-46b0-8c25-8d592a296cdd}</destination>
		</relationship>
		<relationship name="panner">
			<destination>{72d16d1c-ee0e-41be-8f6b-aa6333f1b8c5}</destination>
		</relationship>
		<relationship name="mixer">
			<destination>{bcceb74e-1f4a-433e-88ae-b46e6de1ef11}</destination>
		</relationship>
	</object>
	<object class="SingleSound" id="{dfdd1a29-c4ba-44bf-936b-6a4023e26ae2}">
		<property name="length">
			<value>0.97999999999999998</value>
		</property>
		<relationship name="fadeOutCurve">
			<destination>{af358455-b557-43cb-bdf1-962d2701438a}</destination>
		</relationship>
		<relationship name="audioFile">
			<destination>{c1a36dd4-f330-432f-bcec-4aeaaab9e986}</destination>
		</relationship>
	</object>
	<object class="MixerBusEffectChain" id="{0ff4d6a5-b3c0-47db-b3e3-a4ba651fdd7d}">
		<relationship name="effects">
			<destination>{ceca6089-a76f-4830-9e73-4c7a105192de}</destination>
		</relationship>
	</object>
	<object class="MixerBusPanner" id="{2d30b501-30f1-4825-a353-5de0c3c35d7c}" />
	<object class="SingleSound" id="{1cd75bf1-803b-4bfb-8fb6-c545cf2bd8e5}">
		<property name="length">
			<value>0.97999999999999998</value>
		</property>
		<relationship name="fadeOutCurve">
			<destination>{56618210-2f1d-4aeb-90e9-c88f5e833286}</destination>
		</relationship>
		<relationship name="audioFile">
			<destination>{1ea0d9ad-a605-4c8f-9175-be349f3c0b9f}</destination>
		</relationship>
	</object>
	<object class="EventMixerGroup" id="{017ad4e3-094d-4e38-b4ea-ae0dc082eca3}">
		<property name="name">
			<value>Audio 1</value>
		</property>
		<relationship name="effectChain">
			<destination>{ae16ebd6-68b2-4933-bd6f-f6c587ddecee}</destination>
		</relationship>
		<relationship name="panner">
			<destination>{b73aa754-2adb-4ec9-9603-e6e75cf5075d}</destination>
		</relationship>
		<relationship name="output">
			<destination>{35b90006-315a-42f1-8614-13e112717386}</destination>
		</relationship>
	</object>
	<object class="MixerBusEffectChain" id="{e015df5d-1dfa-46b0-8c25-8d592a296cdd}">
		<relationship name="effects">
			<destination>{931fdb21-2233-4063-bfc4-548ddb270da5}</destination>
			<destination>{758ad892-6e81-4702-869c-badb2ab76759}</destination>
			<destination>{5c0a0111-5ff1-43a4-a4e8-e4bb51bcd5ef}</destination>
		</relationship>
	</object>
	<object class="MixerBusPanner" id="{72d16d1c-ee0e-41be-8f6b-aa6333f1b8c5}" />
	<object class="FadeCurve" id="{af358455-b557-43cb-bdf1-962d2701438a}">
		<relationship name="startPoint">
			<destination>{34cfa9ec-9441-4b38-b9ce-7e7bcab6ec17}</destination>
		</relationship>
		<relationship name="endPoint">
			<destination>{80a10301-b820-48c9-a387-e8fee9c7f3c0}</destination>
		</relationship>
	</object>
	<object class="MixerBusFader" id="{ceca6089-a76f-4830-9e73-4c7a105192de}" />
	<object class="FadeCurve" id="{56618210-2f1d-4aeb-90e9-c88f5e833286}">
		<relationship name="startPoint">
			<destination>{6a5e1e5e-aacd-42f8-a965-c4be412c6d41}</destination>
		</relationship>
		<relationship name="endPoint">
			<destination>{807a2ccb-f57b-4776-a902-4090e5d61561}</destination>
		</relationship>
	</object>
	<object class="MixerBusEffectChain" id="{ae16ebd6-68b2-4933-bd6f-f6c587ddecee}">
		<relationship name="effects">
			<destination>{3294aa9a-d116-45ab-9613-dafeb540aaff}</destination>
		</relationship>
	</object>
	<object class="MixerBusPanner" id="{b73aa754-2adb-4ec9-9603-e6e75cf5075d}" />
	<object class="MixerBusFader" id="{931fdb21-2233-4063-bfc4-548ddb270da5}" />
	<object class="SpatialiserEffect" id="{758ad892-6e81-4702-869c-badb2ab76759}">
		<property name="distanceRolloffType">
			<value>2</value>
		</property>
	</object>
	<object class="FlangerEffect" id="{5c0a0111-5ff1-43a4-a4e8-e4bb51bcd5ef}">
		<property name="rate">
			<value>2.70000005</value>
		</property>
		<property name="delay">
			<value>0.359999985</value>
		</property>
		<property name="mix">
			<value>35</value>
		</property>
	</object>
	<object class="AutomationPoint" id="{34cfa9ec-9441-4b38-b9ce-7e7bcab6ec17}">
		<property name="position">
			<value>0</value>
		</property>
		<property name="value">
			<value>1</value>
		</property>
		<property name="curveShape">
			<value>-0.171543896</value>
		</property>
	</object>
	<object class="AutomationPoint" id="{80a10301-b820-48c9-a387-e8fee9c7f3c0}">
		<property name="position">
			<value>0.97999999999999998</value>
		</property>
		<property name="value">
			<value>0</value>
		</property>
	</object>
	<object class="AutomationPoint" id="{6a5e1e5e-aacd-42f8-a965-c4be412c6d41}">
		<property name="position">
			<value>0.5</value>
		</property>
		<property name="value">
			<value>1</value>
		</property>
		<property name="curveShape">
			<value>0.25471893</value>
		</property>
	</object>
	<object class="AutomationPoint" id="{807a2ccb-f57b-4776-a902-4090e5d61561}">
		<property name="position">
			<value>0.97999999999999998</value>
		</property>
		<property name="value">
			<value>0</value>
		</property>
	</object>
	<object class="MixerBusFader" id="{3294aa9a-d116-45ab-9613-dafeb540aaff}" />
</objects>
