<?xml version="1.0" encoding="UTF-8"?>
<objects serializationModel="Studio.02.02.00">
	<object class="Event" id="{5a4f8795-b9d2-444c-8983-193bcf2f8dff}">
		<property name="name">
			<value>pistol_1</value>
		</property>
		<property name="outputFormat">
			<value>2</value>
		</property>
		<relationship name="folder">
			<destination>{711db4d1-3e49-4ca9-910e-ef39390a71cc}</destination>
		</relationship>
		<relationship name="mixer">
			<destination>{7429f504-c6da-4c5d-bf9f-26fd69713ebb}</destination>
		</relationship>
		<relationship name="masterTrack">
			<destination>{9a334f0c-08c9-4201-b309-3c5ba3f235dd}</destination>
		</relationship>
		<relationship name="mixerInput">
			<destination>{3df718a9-d2a1-4c42-9708-d37f86b37f1c}</destination>
		</relationship>
		<relationship name="automatableProperties">
			<destination>{e3e5ccca-132c-4ec0-ad2c-231010396133}</destination>
		</relationship>
		<relationship name="markerTracks">
			<destination>{c6a97aa3-9aa4-4345-979e-5644936d9b29}</destination>
		</relationship>
		<relationship name="groupTracks">
			<destination>{9dd27924-a2f9-47c9-b060-380dc3e43d22}</destination>
		</relationship>
		<relationship name="timeline">
			<destination>{0c2a40ed-4d46-41b4-9f2a-2d590085b560}</destination>
		</relationship>
		<relationship name="banks">
			<destination>{f5598116-4eb2-4530-b2fe-43c9cfff446d}</destination>
		</relationship>
	</object>
	<object class="EventMixer" id="{7429f504-c6da-4c5d-bf9f-26fd69713ebb}">
		<relationship name="masterBus">
			<destination>{a2c4e524-0c82-43cd-91e2-3f96406e3096}</destination>
		</relationship>
	</object>
	<object class="MasterTrack" id="{9a334f0c-08c9-4201-b309-3c5ba3f235dd}">
		<relationship name="modules">
			<destination>{522df0bc-4dd7-4c03-92b7-33796bd2758e}</destination>
		</relationship>
		<relationship name="mixerGroup">
			<destination>{a2c4e524-0c82-43cd-91e2-3f96406e3096}</destination>
		</relationship>
	</object>
	<object class="MixerInput" id="{3df718a9-d2a1-4c42-9708-d37f86b37f1c}">
		<relationship name="effectChain">
			<destination>{74fe3367-dfe1-464e-9467-d18e7eaad786}</destination>
		</relationship>
		<relationship name="panner">
			<destination>{4c0fd0d4-0089-4924-9cf2-21da54ca681e}</destination>
		</relationship>
		<relationship name="output">
			<destination>{77de22e7-26fd-47e8-9a1a-9f5dcf1a3fbb}</destination>
		</relationship>
	</object>
	<object class="EventAutomatableProperties" id="{e3e5ccca-132c-4ec0-ad2c-231010396133}" />
	<object class="MarkerTrack" id="{c6a97aa3-9aa4-4345-979e-5644936d9b29}" />
	<object class="GroupTrack" id="{9dd27924-a2f9-47c9-b060-380dc3e43d22}">
		<relationship name="modules">
			<destination>{3906245d-e820-4ee7-867f-ffc949c0da46}</destination>
		</relationship>
		<relationship name="mixerGroup">
			<destination>{4ebf7a44-40db-401a-8385-214082291edf}</destination>
		</relationship>
	</object>
	<object class="Timeline" id="{0c2a40ed-4d46-41b4-9f2a-2d590085b560}">
		<relationship name="modules">
			<destination>{3906245d-e820-4ee7-867f-ffc949c0da46}</destination>
			<destination>{522df0bc-4dd7-4c03-92b7-33796bd2758e}</destination>
		</relationship>
	</object>
	<object class="EventMixerMaster" id="{a2c4e524-0c82-43cd-91e2-3f96406e3096}">
		<relationship name="effectChain">
			<destination>{b832ec62-e23d-43cc-8506-11e1c03242df}</destination>
		</relationship>
		<relationship name="panner">
			<destination>{5651b134-c4de-4228-8e28-1af426f3d608}</destination>
		</relationship>
		<relationship name="mixer">
			<destination>{7429f504-c6da-4c5d-bf9f-26fd69713ebb}</destination>
		</relationship>
	</object>
	<object class="SingleSound" id="{522df0bc-4dd7-4c03-92b7-33796bd2758e}">
		<property name="length">
			<value>0.97999999999999998</value>
		</property>
		<relationship name="fadeOutCurve">
			<destination>{f03302af-9d58-457e-a3ce-a234314dc9fe}</destination>
		</relationship>
		<relationship name="audioFile">
			<destination>{a5965198-eaf9-407f-9190-caad5627652b}</destination>
		</relationship>
	</object>
	<object class="MixerBusEffectChain" id="{74fe3367-dfe1-464e-9467-d18e7eaad786}">
		<relationship name="effects">
			<destination>{ef0bc19f-a0f0-49d0-93a2-c56f2b956aa5}</destination>
		</relationship>
	</object>
	<object class="MixerBusPanner" id="{4c0fd0d4-0089-4924-9cf2-21da54ca681e}" />
	<object class="SingleSound" id="{3906245d-e820-4ee7-867f-ffc949c0da46}">
		<property name="length">
			<value>0.97999999999999998</value>
		</property>
		<relationship name="fadeOutCurve">
			<destination>{24d7fb55-a1d5-42f2-9b94-ec9a4cb0301e}</destination>
		</relationship>
		<relationship name="audioFile">
			<destination>{1ea0d9ad-a605-4c8f-9175-be349f3c0b9f}</destination>
		</relationship>
	</object>
	<object class="EventMixerGroup" id="{4ebf7a44-40db-401a-8385-214082291edf}">
		<property name="name">
			<value>Audio 1</value>
		</property>
		<relationship name="effectChain">
			<destination>{7f3f3759-52bc-40f6-be77-713564132aab}</destination>
		</relationship>
		<relationship name="panner">
			<destination>{48763fb0-a1bd-4c22-8fb7-655daa98aaf4}</destination>
		</relationship>
		<relationship name="output">
			<destination>{a2c4e524-0c82-43cd-91e2-3f96406e3096}</destination>
		</relationship>
	</object>
	<object class="MixerBusEffectChain" id="{b832ec62-e23d-43cc-8506-11e1c03242df}">
		<relationship name="effects">
			<destination>{f966eb13-e044-482f-a7df-4826538f2222}</destination>
			<destination>{3d3cb17f-0cea-41fc-b8f3-f0191e8e59f2}</destination>
			<destination>{1e0bed04-b29a-4282-a351-3f517145b865}</destination>
		</relationship>
	</object>
	<object class="MixerBusPanner" id="{5651b134-c4de-4228-8e28-1af426f3d608}" />
	<object class="FadeCurve" id="{f03302af-9d58-457e-a3ce-a234314dc9fe}">
		<relationship name="startPoint">
			<destination>{131a56b9-2808-470a-8723-546520f539b8}</destination>
		</relationship>
		<relationship name="endPoint">
			<destination>{1f7fd586-f402-4fcd-9b95-b09c9cff0237}</destination>
		</relationship>
	</object>
	<object class="MixerBusFader" id="{ef0bc19f-a0f0-49d0-93a2-c56f2b956aa5}" />
	<object class="FadeCurve" id="{24d7fb55-a1d5-42f2-9b94-ec9a4cb0301e}">
		<relationship name="startPoint">
			<destination>{c1e1d0f4-1a6c-47a5-b033-5df35ba203c7}</destination>
		</relationship>
		<relationship name="endPoint">
			<destination>{44d23c6e-5f7e-40e2-a650-2a11da484bf4}</destination>
		</relationship>
	</object>
	<object class="MixerBusEffectChain" id="{7f3f3759-52bc-40f6-be77-713564132aab}">
		<relationship name="effects">
			<destination>{0f359fcd-8304-434b-b328-a26aa0a51a8a}</destination>
		</relationship>
	</object>
	<object class="MixerBusPanner" id="{48763fb0-a1bd-4c22-8fb7-655daa98aaf4}" />
	<object class="MixerBusFader" id="{f966eb13-e044-482f-a7df-4826538f2222}" />
	<object class="SpatialiserEffect" id="{3d3cb17f-0cea-41fc-b8f3-f0191e8e59f2}">
		<property name="distanceRolloffType">
			<value>2</value>
		</property>
	</object>
	<object class="FlangerEffect" id="{1e0bed04-b29a-4282-a351-3f517145b865}">
		<property name="rate">
			<value>2.70000005</value>
		</property>
		<property name="delay">
			<value>0.359999985</value>
		</property>
		<property name="mix">
			<value>35</value>
		</property>
	</object>
	<object class="AutomationPoint" id="{131a56b9-2808-470a-8723-546520f539b8}">
		<property name="position">
			<value>0</value>
		</property>
		<property name="value">
			<value>1</value>
		</property>
		<property name="curveShape">
			<value>-0.140360564</value>
		</property>
	</object>
	<object class="AutomationPoint" id="{1f7fd586-f402-4fcd-9b95-b09c9cff0237}">
		<property name="position">
			<value>0.97999999999999998</value>
		</property>
		<property name="value">
			<value>0</value>
		</property>
	</object>
	<object class="AutomationPoint" id="{c1e1d0f4-1a6c-47a5-b033-5df35ba203c7}">
		<property name="position">
			<value>0.5</value>
		</property>
		<property name="value">
			<value>1</value>
		</property>
		<property name="curveShape">
			<value>0.25471893</value>
		</property>
	</object>
	<object class="AutomationPoint" id="{44d23c6e-5f7e-40e2-a650-2a11da484bf4}">
		<property name="position">
			<value>0.97999999999999998</value>
		</property>
		<property name="value">
			<value>0</value>
		</property>
	</object>
	<object class="MixerBusFader" id="{0f359fcd-8304-434b-b328-a26aa0a51a8a}" />
</objects>
