<?xml version="1.0" encoding="UTF-8"?>
<objects serializationModel="Studio.02.02.00">
	<object class="Event" id="{6404aa90-21cd-4765-95eb-cc99dd30d1bb}">
		<property name="name">
			<value>shotgun2</value>
		</property>
		<property name="outputFormat">
			<value>2</value>
		</property>
		<relationship name="folder">
			<destination>{711db4d1-3e49-4ca9-910e-ef39390a71cc}</destination>
		</relationship>
		<relationship name="mixer">
			<destination>{79ae6ed8-6854-49a0-ab3a-526348b74297}</destination>
		</relationship>
		<relationship name="masterTrack">
			<destination>{1c744dc5-ee83-4066-bec1-43696e1f01e3}</destination>
		</relationship>
		<relationship name="mixerInput">
			<destination>{aebbc88a-2145-4385-bc92-6533b4d83da3}</destination>
		</relationship>
		<relationship name="automatableProperties">
			<destination>{81956eb2-acc2-4198-ba82-8c031539f740}</destination>
		</relationship>
		<relationship name="markerTracks">
			<destination>{2cd91d6c-f42f-4c38-9966-101e72c5d8da}</destination>
		</relationship>
		<relationship name="groupTracks">
			<destination>{575d636b-5c60-4121-86d3-82f9b954b818}</destination>
		</relationship>
		<relationship name="timeline">
			<destination>{efa13b6b-588b-4e2c-8e2a-c7f69f4bf9f4}</destination>
		</relationship>
		<relationship name="banks">
			<destination>{f5598116-4eb2-4530-b2fe-43c9cfff446d}</destination>
		</relationship>
	</object>
	<object class="EventMixer" id="{79ae6ed8-6854-49a0-ab3a-526348b74297}">
		<relationship name="masterBus">
			<destination>{ec379b28-c93f-477b-9551-29e213150805}</destination>
		</relationship>
	</object>
	<object class="MasterTrack" id="{1c744dc5-ee83-4066-bec1-43696e1f01e3}">
		<relationship name="modules">
			<destination>{81d79554-7100-434a-8d95-e77376d640bd}</destination>
		</relationship>
		<relationship name="mixerGroup">
			<destination>{ec379b28-c93f-477b-9551-29e213150805}</destination>
		</relationship>
	</object>
	<object class="MixerInput" id="{aebbc88a-2145-4385-bc92-6533b4d83da3}">
		<relationship name="effectChain">
			<destination>{69af8093-05bb-4ce1-a12a-15a429f7ee4d}</destination>
		</relationship>
		<relationship name="panner">
			<destination>{5f699e54-125d-44f2-a90a-82bf71d37d90}</destination>
		</relationship>
		<relationship name="output">
			<destination>{77de22e7-26fd-47e8-9a1a-9f5dcf1a3fbb}</destination>
		</relationship>
	</object>
	<object class="EventAutomatableProperties" id="{81956eb2-acc2-4198-ba82-8c031539f740}" />
	<object class="MarkerTrack" id="{2cd91d6c-f42f-4c38-9966-101e72c5d8da}" />
	<object class="GroupTrack" id="{575d636b-5c60-4121-86d3-82f9b954b818}">
		<relationship name="modules">
			<destination>{6cf58109-56a1-4e37-a510-a9501e203dd3}</destination>
		</relationship>
		<relationship name="mixerGroup">
			<destination>{39efc772-1af2-432b-99e9-d26bebed1fed}</destination>
		</relationship>
	</object>
	<object class="Timeline" id="{efa13b6b-588b-4e2c-8e2a-c7f69f4bf9f4}">
		<relationship name="modules">
			<destination>{6cf58109-56a1-4e37-a510-a9501e203dd3}</destination>
			<destination>{81d79554-7100-434a-8d95-e77376d640bd}</destination>
		</relationship>
	</object>
	<object class="EventMixerMaster" id="{ec379b28-c93f-477b-9551-29e213150805}">
		<property name="volume">
			<value>-11.5</value>
		</property>
		<relationship name="effectChain">
			<destination>{e5ee6553-ce07-4727-90e4-b4b4050ca42f}</destination>
		</relationship>
		<relationship name="panner">
			<destination>{f4dacdbc-68cb-4117-aa75-772bd063281e}</destination>
		</relationship>
		<relationship name="mixer">
			<destination>{79ae6ed8-6854-49a0-ab3a-526348b74297}</destination>
		</relationship>
	</object>
	<object class="SingleSound" id="{81d79554-7100-434a-8d95-e77376d640bd}">
		<property name="length">
			<value>0.63796852577922247</value>
		</property>
		<property name="timelockedOffset">
			<value>1.3500000000000001</value>
		</property>
		<relationship name="fadeOutCurve">
			<destination>{66471cc5-f994-48e9-bc8a-3059db10c9a4}</destination>
		</relationship>
		<relationship name="audioFile">
			<destination>{3eebb9bc-b3b1-4b4a-aa95-966d2fcb8be0}</destination>
		</relationship>
	</object>
	<object class="MixerBusEffectChain" id="{69af8093-05bb-4ce1-a12a-15a429f7ee4d}">
		<relationship name="effects">
			<destination>{ad1042a1-d5de-475e-a9a1-39b99fe01f24}</destination>
		</relationship>
	</object>
	<object class="MixerBusPanner" id="{5f699e54-125d-44f2-a90a-82bf71d37d90}" />
	<object class="SingleSound" id="{6cf58109-56a1-4e37-a510-a9501e203dd3}">
		<property name="length">
			<value>0.63796852577922247</value>
		</property>
		<relationship name="fadeOutCurve">
			<destination>{1660c2d7-4414-4e4b-9e85-4011c81bfaae}</destination>
		</relationship>
		<relationship name="audioFile">
			<destination>{e0d0407d-358e-4a17-90cf-e63929051097}</destination>
		</relationship>
	</object>
	<object class="EventMixerGroup" id="{39efc772-1af2-432b-99e9-d26bebed1fed}">
		<property name="name">
			<value>Audio 1</value>
		</property>
		<relationship name="effectChain">
			<destination>{501c460a-8366-4555-a9c4-13b0b4f7a867}</destination>
		</relationship>
		<relationship name="panner">
			<destination>{bdab154c-0bfd-4c97-a94a-b1a24c6a1f81}</destination>
		</relationship>
		<relationship name="output">
			<destination>{ec379b28-c93f-477b-9551-29e213150805}</destination>
		</relationship>
	</object>
	<object class="MixerBusEffectChain" id="{e5ee6553-ce07-4727-90e4-b4b4050ca42f}">
		<relationship name="effects">
			<destination>{3a816a56-08ea-4242-a258-812f9a4cd628}</destination>
			<destination>{5452e3bf-4165-4324-9fc1-a0df16b37cdf}</destination>
		</relationship>
	</object>
	<object class="MixerBusPanner" id="{f4dacdbc-68cb-4117-aa75-772bd063281e}" />
	<object class="FadeCurve" id="{66471cc5-f994-48e9-bc8a-3059db10c9a4}">
		<relationship name="startPoint">
			<destination>{b90c7963-6445-459b-b36a-e27a2ba46b82}</destination>
		</relationship>
		<relationship name="endPoint">
			<destination>{73654eaf-821c-4a64-b2c2-f2a1e83192fd}</destination>
		</relationship>
	</object>
	<object class="MixerBusFader" id="{ad1042a1-d5de-475e-a9a1-39b99fe01f24}" />
	<object class="FadeCurve" id="{1660c2d7-4414-4e4b-9e85-4011c81bfaae}">
		<relationship name="startPoint">
			<destination>{390d5d3f-4784-40fd-87d3-fc6053e245db}</destination>
		</relationship>
		<relationship name="endPoint">
			<destination>{2419ecc9-79d5-4ade-869e-cfa280cedf41}</destination>
		</relationship>
	</object>
	<object class="MixerBusEffectChain" id="{501c460a-8366-4555-a9c4-13b0b4f7a867}">
		<relationship name="effects">
			<destination>{5468ae39-d2d4-4c04-b862-c5651a6aeaa5}</destination>
		</relationship>
	</object>
	<object class="MixerBusPanner" id="{bdab154c-0bfd-4c97-a94a-b1a24c6a1f81}" />
	<object class="MixerBusFader" id="{3a816a56-08ea-4242-a258-812f9a4cd628}" />
	<object class="SpatialiserEffect" id="{5452e3bf-4165-4324-9fc1-a0df16b37cdf}" />
	<object class="AutomationPoint" id="{b90c7963-6445-459b-b36a-e27a2ba46b82}">
		<property name="position">
			<value>0</value>
		</property>
		<property name="value">
			<value>1</value>
		</property>
		<property name="curveShape">
			<value>0.25471893</value>
		</property>
	</object>
	<object class="AutomationPoint" id="{73654eaf-821c-4a64-b2c2-f2a1e83192fd}">
		<property name="position">
			<value>0.63796852577922247</value>
		</property>
		<property name="value">
			<value>0</value>
		</property>
	</object>
	<object class="AutomationPoint" id="{390d5d3f-4784-40fd-87d3-fc6053e245db}">
		<property name="position">
			<value>0.037968525779222384</value>
		</property>
		<property name="value">
			<value>1</value>
		</property>
		<property name="curveShape">
			<value>0.124480143</value>
		</property>
	</object>
	<object class="AutomationPoint" id="{2419ecc9-79d5-4ade-869e-cfa280cedf41}">
		<property name="position">
			<value>0.63796852577922247</value>
		</property>
		<property name="value">
			<value>0</value>
		</property>
	</object>
	<object class="MixerBusFader" id="{5468ae39-d2d4-4c04-b862-c5651a6aeaa5}" />
</objects>
