<?xml version="1.0" encoding="UTF-8"?>
<objects serializationModel="Studio.02.02.00">
	<object class="Event" id="{7f9656dd-3f8c-4a5a-9b9b-ef4a79600466}">
		<property name="name">
			<value>pistol_4</value>
		</property>
		<property name="outputFormat">
			<value>2</value>
		</property>
		<relationship name="folder">
			<destination>{711db4d1-3e49-4ca9-910e-ef39390a71cc}</destination>
		</relationship>
		<relationship name="mixer">
			<destination>{1dea4b9a-bb13-4ce0-a3d5-63951261ebc8}</destination>
		</relationship>
		<relationship name="masterTrack">
			<destination>{cbd5c446-2aab-4ed1-a972-6ffb0ff74383}</destination>
		</relationship>
		<relationship name="mixerInput">
			<destination>{d5482108-fe83-4759-845c-3369dcc4a133}</destination>
		</relationship>
		<relationship name="automatableProperties">
			<destination>{e2453a97-0444-404d-84d0-f4943868d717}</destination>
		</relationship>
		<relationship name="markerTracks">
			<destination>{f4b12c89-44f6-4858-9143-e912a202adb3}</destination>
		</relationship>
		<relationship name="groupTracks">
			<destination>{cdb84a89-bf98-4a94-b61f-f270f040b027}</destination>
		</relationship>
		<relationship name="timeline">
			<destination>{fa2f42e4-5cf9-445c-a060-db7e55d82064}</destination>
		</relationship>
		<relationship name="banks">
			<destination>{f5598116-4eb2-4530-b2fe-43c9cfff446d}</destination>
		</relationship>
	</object>
	<object class="EventMixer" id="{1dea4b9a-bb13-4ce0-a3d5-63951261ebc8}">
		<relationship name="masterBus">
			<destination>{10d1d732-f5ca-41dc-b598-3119065b633f}</destination>
		</relationship>
	</object>
	<object class="MasterTrack" id="{cbd5c446-2aab-4ed1-a972-6ffb0ff74383}">
		<relationship name="modules">
			<destination>{81a7a0be-fda3-4cc4-a4ee-3463734d8e7b}</destination>
		</relationship>
		<relationship name="mixerGroup">
			<destination>{10d1d732-f5ca-41dc-b598-3119065b633f}</destination>
		</relationship>
	</object>
	<object class="MixerInput" id="{d5482108-fe83-4759-845c-3369dcc4a133}">
		<relationship name="effectChain">
			<destination>{b1964bb8-c5d8-446e-a005-6cf7f69f859b}</destination>
		</relationship>
		<relationship name="panner">
			<destination>{ea8031dd-a284-4c3a-849f-202d65bf3516}</destination>
		</relationship>
		<relationship name="output">
			<destination>{77de22e7-26fd-47e8-9a1a-9f5dcf1a3fbb}</destination>
		</relationship>
	</object>
	<object class="EventAutomatableProperties" id="{e2453a97-0444-404d-84d0-f4943868d717}" />
	<object class="MarkerTrack" id="{f4b12c89-44f6-4858-9143-e912a202adb3}" />
	<object class="GroupTrack" id="{cdb84a89-bf98-4a94-b61f-f270f040b027}">
		<relationship name="modules">
			<destination>{017b5f3a-f376-4b35-b63c-cfbd97ec8bf1}</destination>
		</relationship>
		<relationship name="mixerGroup">
			<destination>{a0b3a756-2295-4c12-a6a2-61cc65d734b1}</destination>
		</relationship>
	</object>
	<object class="Timeline" id="{fa2f42e4-5cf9-445c-a060-db7e55d82064}">
		<relationship name="modules">
			<destination>{81a7a0be-fda3-4cc4-a4ee-3463734d8e7b}</destination>
			<destination>{017b5f3a-f376-4b35-b63c-cfbd97ec8bf1}</destination>
		</relationship>
	</object>
	<object class="EventMixerMaster" id="{10d1d732-f5ca-41dc-b598-3119065b633f}">
		<relationship name="effectChain">
			<destination>{48149996-33ad-4b77-a7e1-8d3463248023}</destination>
		</relationship>
		<relationship name="panner">
			<destination>{6facefd9-358d-404c-8417-722153069a86}</destination>
		</relationship>
		<relationship name="mixer">
			<destination>{1dea4b9a-bb13-4ce0-a3d5-63951261ebc8}</destination>
		</relationship>
	</object>
	<object class="SingleSound" id="{81a7a0be-fda3-4cc4-a4ee-3463734d8e7b}">
		<property name="length">
			<value>0.97999999999999998</value>
		</property>
		<relationship name="fadeOutCurve">
			<destination>{c9e063ca-70d5-48d9-be11-bf2102b70a72}</destination>
		</relationship>
		<relationship name="audioFile">
			<destination>{cb6088e0-8c1b-4ba4-ae79-7ea03b090c38}</destination>
		</relationship>
	</object>
	<object class="MixerBusEffectChain" id="{b1964bb8-c5d8-446e-a005-6cf7f69f859b}">
		<relationship name="effects">
			<destination>{ec2890c6-171c-4b44-ad47-bc0d6b721165}</destination>
		</relationship>
	</object>
	<object class="MixerBusPanner" id="{ea8031dd-a284-4c3a-849f-202d65bf3516}" />
	<object class="SingleSound" id="{017b5f3a-f376-4b35-b63c-cfbd97ec8bf1}">
		<property name="length">
			<value>0.97999999999999998</value>
		</property>
		<relationship name="fadeOutCurve">
			<destination>{2ae56d76-0573-4f09-a7f5-c4a3ece6d0ef}</destination>
		</relationship>
		<relationship name="audioFile">
			<destination>{1ea0d9ad-a605-4c8f-9175-be349f3c0b9f}</destination>
		</relationship>
	</object>
	<object class="EventMixerGroup" id="{a0b3a756-2295-4c12-a6a2-61cc65d734b1}">
		<property name="name">
			<value>Audio 1</value>
		</property>
		<relationship name="effectChain">
			<destination>{d8edcdbe-4f3e-4e3b-a8fb-16ef1eec6549}</destination>
		</relationship>
		<relationship name="panner">
			<destination>{3e86a251-a1d9-47a2-8eeb-115ff1b2b97d}</destination>
		</relationship>
		<relationship name="output">
			<destination>{10d1d732-f5ca-41dc-b598-3119065b633f}</destination>
		</relationship>
	</object>
	<object class="MixerBusEffectChain" id="{48149996-33ad-4b77-a7e1-8d3463248023}">
		<relationship name="effects">
			<destination>{e67378a1-6e96-475d-94d1-1cdc16c7777a}</destination>
			<destination>{617b47b3-fbf9-46dc-a2ce-43435b2c7711}</destination>
			<destination>{5b5d27c7-8d13-4c4e-a030-7b858eac9cc8}</destination>
		</relationship>
	</object>
	<object class="MixerBusPanner" id="{6facefd9-358d-404c-8417-722153069a86}" />
	<object class="FadeCurve" id="{c9e063ca-70d5-48d9-be11-bf2102b70a72}">
		<relationship name="startPoint">
			<destination>{9f70e66a-fab9-4186-9de3-967ecee908ea}</destination>
		</relationship>
		<relationship name="endPoint">
			<destination>{881f6e2c-c952-40b3-8a6f-1eecc049bb3c}</destination>
		</relationship>
	</object>
	<object class="MixerBusFader" id="{ec2890c6-171c-4b44-ad47-bc0d6b721165}" />
	<object class="FadeCurve" id="{2ae56d76-0573-4f09-a7f5-c4a3ece6d0ef}">
		<relationship name="startPoint">
			<destination>{20915938-6266-4b19-ac53-0aa3c63f80a5}</destination>
		</relationship>
		<relationship name="endPoint">
			<destination>{e873d18b-5a25-4aea-bb13-58d9c2ab3aa1}</destination>
		</relationship>
	</object>
	<object class="MixerBusEffectChain" id="{d8edcdbe-4f3e-4e3b-a8fb-16ef1eec6549}">
		<relationship name="effects">
			<destination>{a6183f56-0dc5-46ea-9d20-9c21ddc8d14f}</destination>
		</relationship>
	</object>
	<object class="MixerBusPanner" id="{3e86a251-a1d9-47a2-8eeb-115ff1b2b97d}" />
	<object class="MixerBusFader" id="{e67378a1-6e96-475d-94d1-1cdc16c7777a}" />
	<object class="SpatialiserEffect" id="{617b47b3-fbf9-46dc-a2ce-43435b2c7711}">
		<property name="distanceRolloffType">
			<value>2</value>
		</property>
	</object>
	<object class="FlangerEffect" id="{5b5d27c7-8d13-4c4e-a030-7b858eac9cc8}">
		<property name="rate">
			<value>2.70000005</value>
		</property>
		<property name="delay">
			<value>0.359999985</value>
		</property>
		<property name="mix">
			<value>35</value>
		</property>
	</object>
	<object class="AutomationPoint" id="{9f70e66a-fab9-4186-9de3-967ecee908ea}">
		<property name="position">
			<value>0</value>
		</property>
		<property name="value">
			<value>1</value>
		</property>
		<property name="curveShape">
			<value>-0.140360564</value>
		</property>
	</object>
	<object class="AutomationPoint" id="{881f6e2c-c952-40b3-8a6f-1eecc049bb3c}">
		<property name="position">
			<value>0.97999999999999998</value>
		</property>
		<property name="value">
			<value>0</value>
		</property>
	</object>
	<object class="AutomationPoint" id="{20915938-6266-4b19-ac53-0aa3c63f80a5}">
		<property name="position">
			<value>0.5</value>
		</property>
		<property name="value">
			<value>1</value>
		</property>
		<property name="curveShape">
			<value>0.25471893</value>
		</property>
	</object>
	<object class="AutomationPoint" id="{e873d18b-5a25-4aea-bb13-58d9c2ab3aa1}">
		<property name="position">
			<value>0.97999999999999998</value>
		</property>
		<property name="value">
			<value>0</value>
		</property>
	</object>
	<object class="MixerBusFader" id="{a6183f56-0dc5-46ea-9d20-9c21ddc8d14f}" />
</objects>
