<?xml version="1.0" encoding="UTF-8"?>
<objects serializationModel="Studio.02.02.00">
	<object class="Event" id="{9d37c07c-20d2-4c85-a4e5-dbf99f505a51}">
		<property name="name">
			<value>pistol_2</value>
		</property>
		<property name="outputFormat">
			<value>2</value>
		</property>
		<relationship name="folder">
			<destination>{711db4d1-3e49-4ca9-910e-ef39390a71cc}</destination>
		</relationship>
		<relationship name="mixer">
			<destination>{2771dbd8-1eb7-42df-bff4-da8a0767566a}</destination>
		</relationship>
		<relationship name="masterTrack">
			<destination>{09a13684-1169-4167-b520-f8f060419f7b}</destination>
		</relationship>
		<relationship name="mixerInput">
			<destination>{2e0878c1-9f61-469d-a13c-e8698fee7ab6}</destination>
		</relationship>
		<relationship name="automatableProperties">
			<destination>{8394ebc6-b476-40fa-bd96-71ab0b2d3fda}</destination>
		</relationship>
		<relationship name="markerTracks">
			<destination>{5818a77e-a154-4d36-8d15-ccc078133cab}</destination>
		</relationship>
		<relationship name="groupTracks">
			<destination>{2cad34a4-ecfc-4ddd-98af-c83264468a26}</destination>
		</relationship>
		<relationship name="timeline">
			<destination>{d4ec13c4-c967-484a-830d-b27779649dff}</destination>
		</relationship>
		<relationship name="banks">
			<destination>{f5598116-4eb2-4530-b2fe-43c9cfff446d}</destination>
		</relationship>
	</object>
	<object class="EventMixer" id="{2771dbd8-1eb7-42df-bff4-da8a0767566a}">
		<relationship name="masterBus">
			<destination>{9f6657dc-455f-4c99-849c-1aa4252c6707}</destination>
		</relationship>
	</object>
	<object class="MasterTrack" id="{09a13684-1169-4167-b520-f8f060419f7b}">
		<relationship name="modules">
			<destination>{6749082c-875f-4334-bbba-834ff38391f5}</destination>
		</relationship>
		<relationship name="mixerGroup">
			<destination>{9f6657dc-455f-4c99-849c-1aa4252c6707}</destination>
		</relationship>
	</object>
	<object class="MixerInput" id="{2e0878c1-9f61-469d-a13c-e8698fee7ab6}">
		<relationship name="effectChain">
			<destination>{cdaa65e2-0bc1-4948-bdb5-619ed33e73ab}</destination>
		</relationship>
		<relationship name="panner">
			<destination>{c780ec3e-dbf0-4028-9771-1a028fd1928f}</destination>
		</relationship>
		<relationship name="output">
			<destination>{77de22e7-26fd-47e8-9a1a-9f5dcf1a3fbb}</destination>
		</relationship>
	</object>
	<object class="EventAutomatableProperties" id="{8394ebc6-b476-40fa-bd96-71ab0b2d3fda}" />
	<object class="MarkerTrack" id="{5818a77e-a154-4d36-8d15-ccc078133cab}" />
	<object class="GroupTrack" id="{2cad34a4-ecfc-4ddd-98af-c83264468a26}">
		<relationship name="modules">
			<destination>{c5b6388b-ba8c-4394-a110-b239b83dea25}</destination>
		</relationship>
		<relationship name="mixerGroup">
			<destination>{c35276ae-52ed-4e06-9af7-53e86068bdcc}</destination>
		</relationship>
	</object>
	<object class="Timeline" id="{d4ec13c4-c967-484a-830d-b27779649dff}">
		<relationship name="modules">
			<destination>{c5b6388b-ba8c-4394-a110-b239b83dea25}</destination>
			<destination>{6749082c-875f-4334-bbba-834ff38391f5}</destination>
		</relationship>
	</object>
	<object class="EventMixerMaster" id="{9f6657dc-455f-4c99-849c-1aa4252c6707}">
		<relationship name="effectChain">
			<destination>{7f619bd4-6555-4910-80a2-fc6143df2d75}</destination>
		</relationship>
		<relationship name="panner">
			<destination>{a6ce3cb2-a78a-45e5-ad8b-ddb7e4400f27}</destination>
		</relationship>
		<relationship name="mixer">
			<destination>{2771dbd8-1eb7-42df-bff4-da8a0767566a}</destination>
		</relationship>
	</object>
	<object class="SingleSound" id="{6749082c-875f-4334-bbba-834ff38391f5}">
		<property name="length">
			<value>0.97999999999999998</value>
		</property>
		<relationship name="fadeOutCurve">
			<destination>{92c05780-251d-4436-806b-a3023abdfbe4}</destination>
		</relationship>
		<relationship name="audioFile">
			<destination>{09362656-ef36-4aa0-8e84-ed592b4461ee}</destination>
		</relationship>
	</object>
	<object class="MixerBusEffectChain" id="{cdaa65e2-0bc1-4948-bdb5-619ed33e73ab}">
		<relationship name="effects">
			<destination>{a0810eff-f807-45c8-80eb-77c4ad2f1f76}</destination>
		</relationship>
	</object>
	<object class="MixerBusPanner" id="{c780ec3e-dbf0-4028-9771-1a028fd1928f}" />
	<object class="SingleSound" id="{c5b6388b-ba8c-4394-a110-b239b83dea25}">
		<property name="length">
			<value>0.97999999999999998</value>
		</property>
		<relationship name="fadeOutCurve">
			<destination>{eb766b17-0c15-44e1-b160-1bae2e441451}</destination>
		</relationship>
		<relationship name="audioFile">
			<destination>{1ea0d9ad-a605-4c8f-9175-be349f3c0b9f}</destination>
		</relationship>
	</object>
	<object class="EventMixerGroup" id="{c35276ae-52ed-4e06-9af7-53e86068bdcc}">
		<property name="name">
			<value>Audio 1</value>
		</property>
		<relationship name="effectChain">
			<destination>{ff46665a-76ca-440b-bc23-1bd5b746fb91}</destination>
		</relationship>
		<relationship name="panner">
			<destination>{09dc7b1b-89af-46a1-98cb-d9b5953b8d7b}</destination>
		</relationship>
		<relationship name="output">
			<destination>{9f6657dc-455f-4c99-849c-1aa4252c6707}</destination>
		</relationship>
	</object>
	<object class="MixerBusEffectChain" id="{7f619bd4-6555-4910-80a2-fc6143df2d75}">
		<relationship name="effects">
			<destination>{415bdd79-419d-4db1-a69d-b31a74cf6375}</destination>
			<destination>{5010b3c2-4f29-4fd4-9bbb-72f3d0c957af}</destination>
			<destination>{a0b4550c-0ca2-4f74-b76f-314ba492391a}</destination>
		</relationship>
	</object>
	<object class="MixerBusPanner" id="{a6ce3cb2-a78a-45e5-ad8b-ddb7e4400f27}" />
	<object class="FadeCurve" id="{92c05780-251d-4436-806b-a3023abdfbe4}">
		<relationship name="startPoint">
			<destination>{c063b549-c2d1-425a-a9af-09cd98014362}</destination>
		</relationship>
		<relationship name="endPoint">
			<destination>{494964f4-7826-4abc-8c5f-9e06daccc675}</destination>
		</relationship>
	</object>
	<object class="MixerBusFader" id="{a0810eff-f807-45c8-80eb-77c4ad2f1f76}" />
	<object class="FadeCurve" id="{eb766b17-0c15-44e1-b160-1bae2e441451}">
		<relationship name="startPoint">
			<destination>{1b5ae980-b754-458e-8047-f0af40737bd6}</destination>
		</relationship>
		<relationship name="endPoint">
			<destination>{ab6e68d1-6ee6-47a8-a832-e5d8bd61ebff}</destination>
		</relationship>
	</object>
	<object class="MixerBusEffectChain" id="{ff46665a-76ca-440b-bc23-1bd5b746fb91}">
		<relationship name="effects">
			<destination>{2fcc4b6c-d996-4d84-8d1f-273c40073a7b}</destination>
		</relationship>
	</object>
	<object class="MixerBusPanner" id="{09dc7b1b-89af-46a1-98cb-d9b5953b8d7b}" />
	<object class="MixerBusFader" id="{415bdd79-419d-4db1-a69d-b31a74cf6375}" />
	<object class="SpatialiserEffect" id="{5010b3c2-4f29-4fd4-9bbb-72f3d0c957af}">
		<property name="distanceRolloffType">
			<value>2</value>
		</property>
	</object>
	<object class="FlangerEffect" id="{a0b4550c-0ca2-4f74-b76f-314ba492391a}">
		<property name="rate">
			<value>2.70000005</value>
		</property>
		<property name="delay">
			<value>0.359999985</value>
		</property>
		<property name="mix">
			<value>35</value>
		</property>
	</object>
	<object class="AutomationPoint" id="{c063b549-c2d1-425a-a9af-09cd98014362}">
		<property name="position">
			<value>0</value>
		</property>
		<property name="value">
			<value>1</value>
		</property>
		<property name="curveShape">
			<value>-0.203738913</value>
		</property>
	</object>
	<object class="AutomationPoint" id="{494964f4-7826-4abc-8c5f-9e06daccc675}">
		<property name="position">
			<value>0.97999999999999998</value>
		</property>
		<property name="value">
			<value>0</value>
		</property>
	</object>
	<object class="AutomationPoint" id="{1b5ae980-b754-458e-8047-f0af40737bd6}">
		<property name="position">
			<value>0.5</value>
		</property>
		<property name="value">
			<value>1</value>
		</property>
		<property name="curveShape">
			<value>0.25471893</value>
		</property>
	</object>
	<object class="AutomationPoint" id="{ab6e68d1-6ee6-47a8-a832-e5d8bd61ebff}">
		<property name="position">
			<value>0.97999999999999998</value>
		</property>
		<property name="value">
			<value>0</value>
		</property>
	</object>
	<object class="MixerBusFader" id="{2fcc4b6c-d996-4d84-8d1f-273c40073a7b}" />
</objects>
