<?xml version="1.0" encoding="UTF-8"?>
<objects serializationModel="Studio.02.02.00">
	<object class="Event" id="{ac84b383-95f0-4053-a017-044800772204}">
		<property name="name">
			<value>pistol_3</value>
		</property>
		<property name="outputFormat">
			<value>2</value>
		</property>
		<relationship name="folder">
			<destination>{711db4d1-3e49-4ca9-910e-ef39390a71cc}</destination>
		</relationship>
		<relationship name="mixer">
			<destination>{c17172f4-1629-4f4b-bb68-0f84fa5aee39}</destination>
		</relationship>
		<relationship name="masterTrack">
			<destination>{4ebc21cd-8452-49e9-bec1-712743f5e0f9}</destination>
		</relationship>
		<relationship name="mixerInput">
			<destination>{cf2efb79-536d-4dd4-b0bc-d032ebb06c9e}</destination>
		</relationship>
		<relationship name="automatableProperties">
			<destination>{ad292163-4da8-4e87-9843-3925766eb25a}</destination>
		</relationship>
		<relationship name="markerTracks">
			<destination>{e777b32a-6e2b-4bf6-9beb-b71ed3e8aa54}</destination>
		</relationship>
		<relationship name="groupTracks">
			<destination>{73fa8939-db5e-431b-93b9-741f09e8f2d7}</destination>
		</relationship>
		<relationship name="timeline">
			<destination>{60fb3910-1ca2-4bd6-ab8a-534e6fcebbca}</destination>
		</relationship>
		<relationship name="banks">
			<destination>{f5598116-4eb2-4530-b2fe-43c9cfff446d}</destination>
		</relationship>
	</object>
	<object class="EventMixer" id="{c17172f4-1629-4f4b-bb68-0f84fa5aee39}">
		<relationship name="masterBus">
			<destination>{ee54eae4-3e57-4d3e-a24a-8ac917ff7c39}</destination>
		</relationship>
	</object>
	<object class="MasterTrack" id="{4ebc21cd-8452-49e9-bec1-712743f5e0f9}">
		<relationship name="modules">
			<destination>{b01623f1-948d-4f99-b966-28739b525cd0}</destination>
		</relationship>
		<relationship name="mixerGroup">
			<destination>{ee54eae4-3e57-4d3e-a24a-8ac917ff7c39}</destination>
		</relationship>
	</object>
	<object class="MixerInput" id="{cf2efb79-536d-4dd4-b0bc-d032ebb06c9e}">
		<relationship name="effectChain">
			<destination>{536cb1eb-5be9-4d41-b3ba-ecb209fad49b}</destination>
		</relationship>
		<relationship name="panner">
			<destination>{f69c9614-b3f8-4079-80b3-41fefcadb133}</destination>
		</relationship>
		<relationship name="output">
			<destination>{77de22e7-26fd-47e8-9a1a-9f5dcf1a3fbb}</destination>
		</relationship>
	</object>
	<object class="EventAutomatableProperties" id="{ad292163-4da8-4e87-9843-3925766eb25a}" />
	<object class="MarkerTrack" id="{e777b32a-6e2b-4bf6-9beb-b71ed3e8aa54}" />
	<object class="GroupTrack" id="{73fa8939-db5e-431b-93b9-741f09e8f2d7}">
		<relationship name="modules">
			<destination>{f1e60f2e-be2f-4a7b-81b6-a77d5426685d}</destination>
		</relationship>
		<relationship name="mixerGroup">
			<destination>{bf3cbe61-17a5-47f6-a898-f9ed181991f6}</destination>
		</relationship>
	</object>
	<object class="Timeline" id="{60fb3910-1ca2-4bd6-ab8a-534e6fcebbca}">
		<relationship name="modules">
			<destination>{b01623f1-948d-4f99-b966-28739b525cd0}</destination>
			<destination>{f1e60f2e-be2f-4a7b-81b6-a77d5426685d}</destination>
		</relationship>
	</object>
	<object class="EventMixerMaster" id="{ee54eae4-3e57-4d3e-a24a-8ac917ff7c39}">
		<relationship name="effectChain">
			<destination>{47d70eaa-1d80-4cd0-a4cc-cc024fba0e2e}</destination>
		</relationship>
		<relationship name="panner">
			<destination>{7970b777-dab8-4b8b-8626-26d5014cbd59}</destination>
		</relationship>
		<relationship name="mixer">
			<destination>{c17172f4-1629-4f4b-bb68-0f84fa5aee39}</destination>
		</relationship>
	</object>
	<object class="SingleSound" id="{b01623f1-948d-4f99-b966-28739b525cd0}">
		<property name="length">
			<value>0.97999999999999998</value>
		</property>
		<relationship name="fadeOutCurve">
			<destination>{fd6b1799-bc18-495a-8ad1-02d48649d8bc}</destination>
		</relationship>
		<relationship name="audioFile">
			<destination>{b0dcfe1c-d7d9-4e9f-84b1-e65a4a77f7bb}</destination>
		</relationship>
	</object>
	<object class="MixerBusEffectChain" id="{536cb1eb-5be9-4d41-b3ba-ecb209fad49b}">
		<relationship name="effects">
			<destination>{771ddf08-2765-411e-95d0-18a8f6d70493}</destination>
		</relationship>
	</object>
	<object class="MixerBusPanner" id="{f69c9614-b3f8-4079-80b3-41fefcadb133}" />
	<object class="SingleSound" id="{f1e60f2e-be2f-4a7b-81b6-a77d5426685d}">
		<property name="length">
			<value>0.97999999999999998</value>
		</property>
		<relationship name="fadeOutCurve">
			<destination>{dcb989b7-7c2d-4a64-a5e5-bfc205ed0c06}</destination>
		</relationship>
		<relationship name="audioFile">
			<destination>{1ea0d9ad-a605-4c8f-9175-be349f3c0b9f}</destination>
		</relationship>
	</object>
	<object class="EventMixerGroup" id="{bf3cbe61-17a5-47f6-a898-f9ed181991f6}">
		<property name="name">
			<value>Audio 1</value>
		</property>
		<relationship name="effectChain">
			<destination>{78b25294-ff2d-4f6e-92ef-de27a39d2d34}</destination>
		</relationship>
		<relationship name="panner">
			<destination>{5842cff5-7ef4-4968-a412-bfa3ced09dcd}</destination>
		</relationship>
		<relationship name="output">
			<destination>{ee54eae4-3e57-4d3e-a24a-8ac917ff7c39}</destination>
		</relationship>
	</object>
	<object class="MixerBusEffectChain" id="{47d70eaa-1d80-4cd0-a4cc-cc024fba0e2e}">
		<relationship name="effects">
			<destination>{1345b26c-2fb1-49b3-89fa-261fd62f9f6a}</destination>
			<destination>{c40ee41a-33a3-4951-b500-1d3aced9b18f}</destination>
			<destination>{eb5122ba-ced3-47ca-9c37-8e3c91e5699e}</destination>
		</relationship>
	</object>
	<object class="MixerBusPanner" id="{7970b777-dab8-4b8b-8626-26d5014cbd59}" />
	<object class="FadeCurve" id="{fd6b1799-bc18-495a-8ad1-02d48649d8bc}">
		<relationship name="startPoint">
			<destination>{b65a984d-dad7-49f7-99b5-c58ac5aabfbd}</destination>
		</relationship>
		<relationship name="endPoint">
			<destination>{666fba48-8cf2-4f18-8828-3166f3f686cb}</destination>
		</relationship>
	</object>
	<object class="MixerBusFader" id="{771ddf08-2765-411e-95d0-18a8f6d70493}" />
	<object class="FadeCurve" id="{dcb989b7-7c2d-4a64-a5e5-bfc205ed0c06}">
		<relationship name="startPoint">
			<destination>{f523de89-2300-41f5-906f-5ec69341fe7f}</destination>
		</relationship>
		<relationship name="endPoint">
			<destination>{b1a9a404-7aba-4789-83b4-12015e71c342}</destination>
		</relationship>
	</object>
	<object class="MixerBusEffectChain" id="{78b25294-ff2d-4f6e-92ef-de27a39d2d34}">
		<relationship name="effects">
			<destination>{febc1e7f-f07b-4df6-9e98-28b216cd696f}</destination>
		</relationship>
	</object>
	<object class="MixerBusPanner" id="{5842cff5-7ef4-4968-a412-bfa3ced09dcd}" />
	<object class="MixerBusFader" id="{1345b26c-2fb1-49b3-89fa-261fd62f9f6a}" />
	<object class="SpatialiserEffect" id="{c40ee41a-33a3-4951-b500-1d3aced9b18f}">
		<property name="distanceRolloffType">
			<value>2</value>
		</property>
	</object>
	<object class="FlangerEffect" id="{eb5122ba-ced3-47ca-9c37-8e3c91e5699e}">
		<property name="rate">
			<value>2.70000005</value>
		</property>
		<property name="delay">
			<value>0.359999985</value>
		</property>
		<property name="mix">
			<value>35</value>
		</property>
	</object>
	<object class="AutomationPoint" id="{b65a984d-dad7-49f7-99b5-c58ac5aabfbd}">
		<property name="position">
			<value>0</value>
		</property>
		<property name="value">
			<value>1</value>
		</property>
		<property name="curveShape">
			<value>-0.203738913</value>
		</property>
	</object>
	<object class="AutomationPoint" id="{666fba48-8cf2-4f18-8828-3166f3f686cb}">
		<property name="position">
			<value>0.97999999999999998</value>
		</property>
		<property name="value">
			<value>0</value>
		</property>
	</object>
	<object class="AutomationPoint" id="{f523de89-2300-41f5-906f-5ec69341fe7f}">
		<property name="position">
			<value>0.5</value>
		</property>
		<property name="value">
			<value>1</value>
		</property>
		<property name="curveShape">
			<value>0.25471893</value>
		</property>
	</object>
	<object class="AutomationPoint" id="{b1a9a404-7aba-4789-83b4-12015e71c342}">
		<property name="position">
			<value>0.97999999999999998</value>
		</property>
		<property name="value">
			<value>0</value>
		</property>
	</object>
	<object class="MixerBusFader" id="{febc1e7f-f07b-4df6-9e98-28b216cd696f}" />
</objects>
