<?xml version="1.0" encoding="UTF-8"?>
<objects serializationModel="Studio.02.02.00">
	<object class="Event" id="{bf9595fe-54b8-4ed2-b316-1b71c00001ad}">
		<property name="name">
			<value>pistol_5</value>
		</property>
		<property name="outputFormat">
			<value>2</value>
		</property>
		<relationship name="folder">
			<destination>{711db4d1-3e49-4ca9-910e-ef39390a71cc}</destination>
		</relationship>
		<relationship name="mixer">
			<destination>{71ad1fff-b969-48ad-bf62-d074872b618f}</destination>
		</relationship>
		<relationship name="masterTrack">
			<destination>{3ec92548-4499-451e-ad9a-c49bf94cd18b}</destination>
		</relationship>
		<relationship name="mixerInput">
			<destination>{0c450bb9-799e-42f8-bb7a-3514e0b9499f}</destination>
		</relationship>
		<relationship name="automatableProperties">
			<destination>{4f070ba2-4dbe-4631-a993-27e33d7cfb38}</destination>
		</relationship>
		<relationship name="markerTracks">
			<destination>{46ad5d1d-7b6c-494b-8832-ee35abaea283}</destination>
		</relationship>
		<relationship name="groupTracks">
			<destination>{6110b515-9720-47ac-9bd7-13e92fdb77e2}</destination>
		</relationship>
		<relationship name="timeline">
			<destination>{eb62347a-dc80-4bc0-b89d-f042c4307fee}</destination>
		</relationship>
		<relationship name="banks">
			<destination>{f5598116-4eb2-4530-b2fe-43c9cfff446d}</destination>
		</relationship>
	</object>
	<object class="EventMixer" id="{71ad1fff-b969-48ad-bf62-d074872b618f}">
		<relationship name="masterBus">
			<destination>{d48f3a8b-e01e-4891-ad4e-b50318215493}</destination>
		</relationship>
	</object>
	<object class="MasterTrack" id="{3ec92548-4499-451e-ad9a-c49bf94cd18b}">
		<relationship name="modules">
			<destination>{a7708590-c4b9-4da3-80c7-f996c8c6bf22}</destination>
		</relationship>
		<relationship name="mixerGroup">
			<destination>{d48f3a8b-e01e-4891-ad4e-b50318215493}</destination>
		</relationship>
	</object>
	<object class="MixerInput" id="{0c450bb9-799e-42f8-bb7a-3514e0b9499f}">
		<relationship name="effectChain">
			<destination>{a4082e3d-22cd-4012-9894-4cfaaf8d2621}</destination>
		</relationship>
		<relationship name="panner">
			<destination>{0a68e62f-991f-49bf-b03e-5d817ef2124c}</destination>
		</relationship>
		<relationship name="output">
			<destination>{77de22e7-26fd-47e8-9a1a-9f5dcf1a3fbb}</destination>
		</relationship>
	</object>
	<object class="EventAutomatableProperties" id="{4f070ba2-4dbe-4631-a993-27e33d7cfb38}" />
	<object class="MarkerTrack" id="{46ad5d1d-7b6c-494b-8832-ee35abaea283}" />
	<object class="GroupTrack" id="{6110b515-9720-47ac-9bd7-13e92fdb77e2}">
		<relationship name="modules">
			<destination>{e74fb10e-f007-4bf4-851c-c8d7fb84603f}</destination>
		</relationship>
		<relationship name="mixerGroup">
			<destination>{0a629b09-3920-407c-842f-102cb1d2ef0b}</destination>
		</relationship>
	</object>
	<object class="Timeline" id="{eb62347a-dc80-4bc0-b89d-f042c4307fee}">
		<relationship name="modules">
			<destination>{e74fb10e-f007-4bf4-851c-c8d7fb84603f}</destination>
			<destination>{a7708590-c4b9-4da3-80c7-f996c8c6bf22}</destination>
		</relationship>
	</object>
	<object class="EventMixerMaster" id="{d48f3a8b-e01e-4891-ad4e-b50318215493}">
		<relationship name="effectChain">
			<destination>{fa37932c-2d9f-42cd-9e73-6a529a1ffd9b}</destination>
		</relationship>
		<relationship name="panner">
			<destination>{fbb95272-6e35-4c6f-b6bc-2298107d93bd}</destination>
		</relationship>
		<relationship name="mixer">
			<destination>{71ad1fff-b969-48ad-bf62-d074872b618f}</destination>
		</relationship>
	</object>
	<object class="SingleSound" id="{a7708590-c4b9-4da3-80c7-f996c8c6bf22}">
		<property name="length">
			<value>0.97999999999999998</value>
		</property>
		<relationship name="fadeOutCurve">
			<destination>{fc899316-ccd0-483c-9d8b-786c2213cc84}</destination>
		</relationship>
		<relationship name="audioFile">
			<destination>{1fd42323-e475-4ef9-9726-df5bfb2765d2}</destination>
		</relationship>
	</object>
	<object class="MixerBusEffectChain" id="{a4082e3d-22cd-4012-9894-4cfaaf8d2621}">
		<relationship name="effects">
			<destination>{15f708b0-3924-4292-830c-98de1fdb9e91}</destination>
		</relationship>
	</object>
	<object class="MixerBusPanner" id="{0a68e62f-991f-49bf-b03e-5d817ef2124c}" />
	<object class="SingleSound" id="{e74fb10e-f007-4bf4-851c-c8d7fb84603f}">
		<property name="length">
			<value>0.97999999999999998</value>
		</property>
		<relationship name="fadeOutCurve">
			<destination>{d04eb20d-5e47-4000-9684-3baf564c7eac}</destination>
		</relationship>
		<relationship name="audioFile">
			<destination>{1ea0d9ad-a605-4c8f-9175-be349f3c0b9f}</destination>
		</relationship>
	</object>
	<object class="EventMixerGroup" id="{0a629b09-3920-407c-842f-102cb1d2ef0b}">
		<property name="name">
			<value>Audio 1</value>
		</property>
		<relationship name="effectChain">
			<destination>{7b0eecfc-4897-4174-9a50-f6d16c750001}</destination>
		</relationship>
		<relationship name="panner">
			<destination>{5195146e-ed43-4096-becc-dadf6e457119}</destination>
		</relationship>
		<relationship name="output">
			<destination>{d48f3a8b-e01e-4891-ad4e-b50318215493}</destination>
		</relationship>
	</object>
	<object class="MixerBusEffectChain" id="{fa37932c-2d9f-42cd-9e73-6a529a1ffd9b}">
		<relationship name="effects">
			<destination>{58ab2c76-6fbd-4dc3-a2b6-1447df440387}</destination>
			<destination>{41ea99dc-b0df-4bdb-a4cc-abaffe079539}</destination>
			<destination>{f564e015-7805-4c26-9d9e-08bd7ab43e90}</destination>
		</relationship>
	</object>
	<object class="MixerBusPanner" id="{fbb95272-6e35-4c6f-b6bc-2298107d93bd}" />
	<object class="FadeCurve" id="{fc899316-ccd0-483c-9d8b-786c2213cc84}">
		<relationship name="startPoint">
			<destination>{a230c5b1-14e9-46f6-95e7-c758df87f75d}</destination>
		</relationship>
		<relationship name="endPoint">
			<destination>{760798db-1840-4ffb-835b-5196bc2e56eb}</destination>
		</relationship>
	</object>
	<object class="MixerBusFader" id="{15f708b0-3924-4292-830c-98de1fdb9e91}" />
	<object class="FadeCurve" id="{d04eb20d-5e47-4000-9684-3baf564c7eac}">
		<relationship name="startPoint">
			<destination>{dc4620eb-3135-4c48-a399-671bd3cb750c}</destination>
		</relationship>
		<relationship name="endPoint">
			<destination>{cbe36c45-96d1-4157-8f4f-c95290c30831}</destination>
		</relationship>
	</object>
	<object class="MixerBusEffectChain" id="{7b0eecfc-4897-4174-9a50-f6d16c750001}">
		<relationship name="effects">
			<destination>{c79f55b7-360f-47f7-91bb-69f1a0df05c2}</destination>
		</relationship>
	</object>
	<object class="MixerBusPanner" id="{5195146e-ed43-4096-becc-dadf6e457119}" />
	<object class="MixerBusFader" id="{58ab2c76-6fbd-4dc3-a2b6-1447df440387}" />
	<object class="SpatialiserEffect" id="{41ea99dc-b0df-4bdb-a4cc-abaffe079539}">
		<property name="distanceRolloffType">
			<value>2</value>
		</property>
	</object>
	<object class="FlangerEffect" id="{f564e015-7805-4c26-9d9e-08bd7ab43e90}">
		<property name="rate">
			<value>2.70000005</value>
		</property>
		<property name="delay">
			<value>0.359999985</value>
		</property>
		<property name="mix">
			<value>35</value>
		</property>
	</object>
	<object class="AutomationPoint" id="{a230c5b1-14e9-46f6-95e7-c758df87f75d}">
		<property name="position">
			<value>0</value>
		</property>
		<property name="value">
			<value>1</value>
		</property>
		<property name="curveShape">
			<value>-0.376541406</value>
		</property>
	</object>
	<object class="AutomationPoint" id="{760798db-1840-4ffb-835b-5196bc2e56eb}">
		<property name="position">
			<value>0.97999999999999998</value>
		</property>
		<property name="value">
			<value>0</value>
		</property>
	</object>
	<object class="AutomationPoint" id="{dc4620eb-3135-4c48-a399-671bd3cb750c}">
		<property name="position">
			<value>0.5</value>
		</property>
		<property name="value">
			<value>1</value>
		</property>
		<property name="curveShape">
			<value>0.25471893</value>
		</property>
	</object>
	<object class="AutomationPoint" id="{cbe36c45-96d1-4157-8f4f-c95290c30831}">
		<property name="position">
			<value>0.97999999999999998</value>
		</property>
		<property name="value">
			<value>0</value>
		</property>
	</object>
	<object class="MixerBusFader" id="{c79f55b7-360f-47f7-91bb-69f1a0df05c2}" />
</objects>
