<?xml version="1.0" encoding="UTF-8"?>
<objects serializationModel="Studio.02.02.00">
	<object class="Event" id="{fc90d11b-88c5-4157-854b-d8cf689b4afa}">
		<property name="name">
			<value>shotgun</value>
		</property>
		<property name="outputFormat">
			<value>2</value>
		</property>
		<relationship name="folder">
			<destination>{711db4d1-3e49-4ca9-910e-ef39390a71cc}</destination>
		</relationship>
		<relationship name="mixer">
			<destination>{1a44a627-e97a-4203-9629-5be658499ad7}</destination>
		</relationship>
		<relationship name="masterTrack">
			<destination>{dd3986a9-dfb7-4b8c-a331-f3f378dd2c3e}</destination>
		</relationship>
		<relationship name="mixerInput">
			<destination>{26a61cc6-782c-4cc5-8d8a-0c1addb334fd}</destination>
		</relationship>
		<relationship name="automatableProperties">
			<destination>{7f1a6bb9-c2ac-49cc-afe0-36641e6f46a0}</destination>
		</relationship>
		<relationship name="markerTracks">
			<destination>{3b84b1f3-61b6-4607-9710-c0a7ac89f8d4}</destination>
		</relationship>
		<relationship name="groupTracks">
			<destination>{9866c7b2-6987-494c-a1e7-b8d5487dea30}</destination>
		</relationship>
		<relationship name="timeline">
			<destination>{09ac74b6-e4cc-4971-a1ba-cf2bce091b4b}</destination>
		</relationship>
		<relationship name="banks">
			<destination>{f5598116-4eb2-4530-b2fe-43c9cfff446d}</destination>
		</relationship>
	</object>
	<object class="EventMixer" id="{1a44a627-e97a-4203-9629-5be658499ad7}">
		<relationship name="masterBus">
			<destination>{9cdefb1d-ac42-47ab-9dcf-4733e465c556}</destination>
		</relationship>
	</object>
	<object class="MasterTrack" id="{dd3986a9-dfb7-4b8c-a331-f3f378dd2c3e}">
		<relationship name="modules">
			<destination>{054ea39c-d030-4a9c-9d1a-6318ed4176a9}</destination>
		</relationship>
		<relationship name="mixerGroup">
			<destination>{9cdefb1d-ac42-47ab-9dcf-4733e465c556}</destination>
		</relationship>
	</object>
	<object class="MixerInput" id="{26a61cc6-782c-4cc5-8d8a-0c1addb334fd}">
		<relationship name="effectChain">
			<destination>{55c17106-4ed4-4e70-ad3f-8223775dc661}</destination>
		</relationship>
		<relationship name="panner">
			<destination>{af8b2d0a-eb44-497b-bed4-a2e19adc9fbf}</destination>
		</relationship>
		<relationship name="output">
			<destination>{77de22e7-26fd-47e8-9a1a-9f5dcf1a3fbb}</destination>
		</relationship>
	</object>
	<object class="EventAutomatableProperties" id="{7f1a6bb9-c2ac-49cc-afe0-36641e6f46a0}" />
	<object class="MarkerTrack" id="{3b84b1f3-61b6-4607-9710-c0a7ac89f8d4}" />
	<object class="GroupTrack" id="{9866c7b2-6987-494c-a1e7-b8d5487dea30}">
		<relationship name="modules">
			<destination>{cc66510a-8955-4e58-9402-6e0983bc4f65}</destination>
		</relationship>
		<relationship name="mixerGroup">
			<destination>{3d4d634b-81bb-476d-bbe0-fe6895b93e65}</destination>
		</relationship>
	</object>
	<object class="Timeline" id="{09ac74b6-e4cc-4971-a1ba-cf2bce091b4b}">
		<relationship name="modules">
			<destination>{cc66510a-8955-4e58-9402-6e0983bc4f65}</destination>
			<destination>{054ea39c-d030-4a9c-9d1a-6318ed4176a9}</destination>
		</relationship>
	</object>
	<object class="EventMixerMaster" id="{9cdefb1d-ac42-47ab-9dcf-4733e465c556}">
		<relationship name="effectChain">
			<destination>{bb3f4496-0c14-4cdc-8f31-04e8ad0b37ce}</destination>
		</relationship>
		<relationship name="panner">
			<destination>{52e5ef67-3b86-48c6-8eef-7e41cf67dc56}</destination>
		</relationship>
		<relationship name="mixer">
			<destination>{1a44a627-e97a-4203-9629-5be658499ad7}</destination>
		</relationship>
	</object>
	<object class="SingleSound" id="{054ea39c-d030-4a9c-9d1a-6318ed4176a9}">
		<property name="length">
			<value>1.5800000000000001</value>
		</property>
		<property name="timelockedOffset">
			<value>0.25</value>
		</property>
		<relationship name="fadeOutCurve">
			<destination>{5c01063f-bf17-47ef-90de-e45567df1025}</destination>
		</relationship>
		<relationship name="audioFile">
			<destination>{1caf37dd-f1e9-4b9c-ba6a-2dc7cc494fd1}</destination>
		</relationship>
	</object>
	<object class="MixerBusEffectChain" id="{55c17106-4ed4-4e70-ad3f-8223775dc661}">
		<relationship name="effects">
			<destination>{9fed9f3f-7105-4c87-a03b-402d9d999f68}</destination>
		</relationship>
	</object>
	<object class="MixerBusPanner" id="{af8b2d0a-eb44-497b-bed4-a2e19adc9fbf}" />
	<object class="SingleSound" id="{cc66510a-8955-4e58-9402-6e0983bc4f65}">
		<property name="length">
			<value>1.5800000000000001</value>
		</property>
		<relationship name="fadeOutCurve">
			<destination>{b893e08a-08ee-4767-b317-548e1cde9d31}</destination>
		</relationship>
		<relationship name="audioFile">
			<destination>{e0d0407d-358e-4a17-90cf-e63929051097}</destination>
		</relationship>
	</object>
	<object class="EventMixerGroup" id="{3d4d634b-81bb-476d-bbe0-fe6895b93e65}">
		<property name="volume">
			<value>-9</value>
		</property>
		<property name="name">
			<value>Audio 1</value>
		</property>
		<relationship name="effectChain">
			<destination>{668a1ed4-6efa-46b8-91f5-f09a2192fd11}</destination>
		</relationship>
		<relationship name="panner">
			<destination>{3aef545a-3d0b-4766-9118-a3016b80b34b}</destination>
		</relationship>
		<relationship name="output">
			<destination>{9cdefb1d-ac42-47ab-9dcf-4733e465c556}</destination>
		</relationship>
	</object>
	<object class="MixerBusEffectChain" id="{bb3f4496-0c14-4cdc-8f31-04e8ad0b37ce}">
		<relationship name="effects">
			<destination>{fba0db99-5a71-4984-a162-0cdc6d2e8e9b}</destination>
			<destination>{996351db-a660-40ac-ba6f-9ebdbf36016f}</destination>
			<destination>{ded20675-c0f8-44fb-a904-788e39aa35fa}</destination>
		</relationship>
	</object>
	<object class="MixerBusPanner" id="{52e5ef67-3b86-48c6-8eef-7e41cf67dc56}" />
	<object class="FadeCurve" id="{5c01063f-bf17-47ef-90de-e45567df1025}">
		<relationship name="startPoint">
			<destination>{831f806c-9831-45e5-9465-fd1d36c656f7}</destination>
		</relationship>
		<relationship name="endPoint">
			<destination>{e18b80f0-a31f-49ec-84fc-63ccc44097db}</destination>
		</relationship>
	</object>
	<object class="MixerBusFader" id="{9fed9f3f-7105-4c87-a03b-402d9d999f68}" />
	<object class="FadeCurve" id="{b893e08a-08ee-4767-b317-548e1cde9d31}">
		<relationship name="startPoint">
			<destination>{342f2394-8f98-4850-9ebe-4ecc99e0af83}</destination>
		</relationship>
		<relationship name="endPoint">
			<destination>{f580b868-38a3-4ba5-9963-6091fa9b6b70}</destination>
		</relationship>
	</object>
	<object class="MixerBusEffectChain" id="{668a1ed4-6efa-46b8-91f5-f09a2192fd11}">
		<relationship name="effects">
			<destination>{0916d772-d5a3-4bd6-924d-d7bccf1e3b92}</destination>
		</relationship>
	</object>
	<object class="MixerBusPanner" id="{3aef545a-3d0b-4766-9118-a3016b80b34b}" />
	<object class="MixerBusFader" id="{fba0db99-5a71-4984-a162-0cdc6d2e8e9b}" />
	<object class="SpatialiserEffect" id="{996351db-a660-40ac-ba6f-9ebdbf36016f}" />
	<object class="FlangerEffect" id="{ded20675-c0f8-44fb-a904-788e39aa35fa}" />
	<object class="AutomationPoint" id="{831f806c-9831-45e5-9465-fd1d36c656f7}">
		<property name="position">
			<value>0.44</value>
		</property>
		<property name="value">
			<value>1</value>
		</property>
		<property name="curveShape">
			<value>-0.556842744</value>
		</property>
	</object>
	<object class="AutomationPoint" id="{e18b80f0-a31f-49ec-84fc-63ccc44097db}">
		<property name="position">
			<value>1.5800000000000001</value>
		</property>
		<property name="value">
			<value>0</value>
		</property>
	</object>
	<object class="AutomationPoint" id="{342f2394-8f98-4850-9ebe-4ecc99e0af83}">
		<property name="position">
			<value>0.72999999999999998</value>
		</property>
		<property name="value">
			<value>1</value>
		</property>
		<property name="curveShape">
			<value>0.00586101925</value>
		</property>
	</object>
	<object class="AutomationPoint" id="{f580b868-38a3-4ba5-9963-6091fa9b6b70}">
		<property name="position">
			<value>1.5800000000000001</value>
		</property>
		<property name="value">
			<value>0</value>
		</property>
	</object>
	<object class="MixerBusFader" id="{0916d772-d5a3-4bd6-924d-d7bccf1e3b92}" />
</objects>
