<?xml version="1.0" encoding="UTF-8"?>
<objects serializationModel="Studio.02.02.00">
	<object class="Workspace" id="{206be4fc-2fe2-437a-8474-c5d9e6e582fd}">
		<relationship name="projectSettings">
			<destination>{ed86108e-dd0c-48e1-839b-d8a30b507106}</destination>
		</relationship>
		<relationship name="changelist">
			<destination>{0b5b1406-29a1-4a19-9b58-b6ee8a6e8e5a}</destination>
		</relationship>
	</object>
	<object class="ProjectSettings" id="{ed86108e-dd0c-48e1-839b-d8a30b507106}">
		<relationship name="activePlatform">
			<destination>{7398ba2b-7695-439b-b8d3-caa69eaebc4a}</destination>
		</relationship>
	</object>
	<object class="WorkspaceChangelist" id="{0b5b1406-29a1-4a19-9b58-b6ee8a6e8e5a}" />
</objects>
