<?xml version="1.0" encoding="UTF-8"?>
<objects serializationModel="Studio.02.02.00">
	<object class="MixerReturn" id="{330bc10e-aed8-435b-9f08-d9c6ef13497d}">
		<property name="overridingInputFormat">
			<value>2</value>
		</property>
		<property name="name">
			<value>Reverb</value>
		</property>
		<relationship name="effectChain">
			<destination>{fbe97ca3-00bb-4d57-b49f-a8543d8327e0}</destination>
		</relationship>
		<relationship name="panner">
			<destination>{a837c20e-3511-4ec3-acc3-0a9819c4322c}</destination>
		</relationship>
		<relationship name="output">
			<destination>{77de22e7-26fd-47e8-9a1a-9f5dcf1a3fbb}</destination>
		</relationship>
	</object>
	<object class="MixerBusEffectChain" id="{fbe97ca3-00bb-4d57-b49f-a8543d8327e0}">
		<relationship name="effects">
			<destination>{62741a68-cc04-44a7-b7bd-80bc1d8e2991}</destination>
			<destination>{3e04f897-49a5-45b8-8d86-45e939bea2ba}</destination>
		</relationship>
	</object>
	<object class="MixerBusPanner" id="{a837c20e-3511-4ec3-acc3-0a9819c4322c}" />
	<object class="SFXReverbEffect" id="{62741a68-cc04-44a7-b7bd-80bc1d8e2991}">
		<property name="wetLevel">
			<value>0</value>
		</property>
		<property name="dryLevel">
			<value>-80</value>
		</property>
	</object>
	<object class="MixerBusFader" id="{3e04f897-49a5-45b8-8d86-45e939bea2ba}" />
</objects>
