<?xml version="1.0" encoding="UTF-8"?>
<objects serializationModel="Studio.02.02.00">
	<object class="AudioFile" id="{601e6f6c-4427-4413-823c-7a9c6941e562}">
		<property name="assetPath">
			<value>528010__blakengouda__b-piano-chord.wav</value>
		</property>
		<property name="frequencyInKHz">
			<value>44.0999985</value>
		</property>
		<property name="channelCount">
			<value>2</value>
		</property>
		<property name="length">
			<value>6</value>
		</property>
		<relationship name="masterAssetFolder">
			<destination>{096b328b-ac6b-4200-a09c-5fc686c796a1}</destination>
		</relationship>
	</object>
</objects>
