<?xml version="1.0" encoding="UTF-8"?>
<objects serializationModel="Studio.02.02.00">
	<object class="AudioFile" id="{63ac6be7-f8e1-4abe-ad55-e6dec2ba43ee}">
		<property name="assetPath">
			<value>g-piano-chord.wav</value>
		</property>
		<property name="frequencyInKHz">
			<value>44.0999985</value>
		</property>
		<property name="channelCount">
			<value>2</value>
		</property>
		<property name="length">
			<value>6</value>
		</property>
		<relationship name="masterAssetFolder">
			<destination>{096b328b-ac6b-4200-a09c-5fc686c796a1}</destination>
		</relationship>
	</object>
</objects>
