<?xml version="1.0" encoding="UTF-8"?>
<objects serializationModel="Studio.02.02.00">
	<object class="AudioFile" id="{b0dcfe1c-d7d9-4e9f-84b1-e65a4a77f7bb}">
		<property name="assetPath">
			<value>c-piano-chord.wav</value>
		</property>
		<property name="frequencyInKHz">
			<value>44.0999985</value>
		</property>
		<property name="channelCount">
			<value>2</value>
		</property>
		<property name="length">
			<value>6</value>
		</property>
		<relationship name="masterAssetFolder">
			<destination>{096b328b-ac6b-4200-a09c-5fc686c796a1}</destination>
		</relationship>
	</object>
</objects>
