<?xml version="1.0" encoding="UTF-8"?>
<objects serializationModel="Studio.02.02.00">
	<object class="AudioFile" id="{cb6088e0-8c1b-4ba4-ae79-7ea03b090c38}">
		<property name="assetPath">
			<value>d-piano-chord.wav</value>
		</property>
		<property name="frequencyInKHz">
			<value>44.0999985</value>
		</property>
		<property name="channelCount">
			<value>2</value>
		</property>
		<property name="length">
			<value>6</value>
		</property>
		<relationship name="masterAssetFolder">
			<destination>{096b328b-ac6b-4200-a09c-5fc686c796a1}</destination>
		</relationship>
	</object>
</objects>
